<metadata xml:lang="en"><Esri><CreaDate>20190307</CreaDate><CreaTime>16134800</CreaTime><ArcGISFormat>1.0</ArcGISFormat><SyncOnce>FALSE</SyncOnce><DataProperties><itemProps><itemName Sync="TRUE">Temperature</itemName><imsContentType Sync="TRUE">002</imsContentType><itemLocation><linkage Sync="TRUE">file://\\LAPTOP-SLH9E4UP\C$\Geostatistics\R_DATA\Temperature.shp</linkage><protocol Sync="TRUE">Local Area Network</protocol></itemLocation><nativeExtBox><westBL Sync="TRUE">-5224215.646200</westBL><eastBL Sync="TRUE">3944716.208200</eastBL><southBL Sync="TRUE">-3856631.310900</southBL><northBL Sync="TRUE">4784986.892400</northBL><exTypeCode Sync="TRUE">1</exTypeCode></nativeExtBox><itemSize Sync="TRUE">0.000</itemSize></itemProps><coordRef><type Sync="TRUE">Projected</type><geogcsn Sync="TRUE">GCS_WGS_1984</geogcsn><csUnits Sync="TRUE">Linear Unit: Meter (1.000000)</csUnits><peXml Sync="TRUE">&lt;ProjectedCoordinateSystem xsi:type='typens:ProjectedCoordinateSystem' xmlns:xsi='http://www.w3.org/2001/XMLSchema-instance' xmlns:xs='http://www.w3.org/2001/XMLSchema' xmlns:typens='http://www.esri.com/schemas/ArcGIS/2.5.0'&gt;&lt;WKT&gt;PROJCS[&amp;quot;Africa_Equidistant_Conic&amp;quot;,GEOGCS[&amp;quot;GCS_WGS_1984&amp;quot;,DATUM[&amp;quot;D_WGS_1984&amp;quot;,SPHEROID[&amp;quot;WGS_1984&amp;quot;,6378137.0,298.257223563]],PRIMEM[&amp;quot;Greenwich&amp;quot;,0.0],UNIT[&amp;quot;Degree&amp;quot;,0.0174532925199433]],PROJECTION[&amp;quot;Equidistant_Conic&amp;quot;],PARAMETER[&amp;quot;False_Easting&amp;quot;,0.0],PARAMETER[&amp;quot;False_Northing&amp;quot;,0.0],PARAMETER[&amp;quot;Central_Meridian&amp;quot;,25.0],PARAMETER[&amp;quot;Standard_Parallel_1&amp;quot;,20.0],PARAMETER[&amp;quot;Standard_Parallel_2&amp;quot;,-23.0],PARAMETER[&amp;quot;Latitude_Of_Origin&amp;quot;,0.0],UNIT[&amp;quot;Meter&amp;quot;,1.0],AUTHORITY[&amp;quot;Esri&amp;quot;,102023]]&lt;/WKT&gt;&lt;XOrigin&gt;-19441900&lt;/XOrigin&gt;&lt;YOrigin&gt;-10719400&lt;/YOrigin&gt;&lt;XYScale&gt;231644007.39487883&lt;/XYScale&gt;&lt;ZOrigin&gt;-100000&lt;/ZOrigin&gt;&lt;ZScale&gt;10000&lt;/ZScale&gt;&lt;MOrigin&gt;-100000&lt;/MOrigin&gt;&lt;MScale&gt;10000&lt;/MScale&gt;&lt;XYTolerance&gt;0.001&lt;/XYTolerance&gt;&lt;ZTolerance&gt;0.001&lt;/ZTolerance&gt;&lt;MTolerance&gt;0.001&lt;/MTolerance&gt;&lt;HighPrecision&gt;true&lt;/HighPrecision&gt;&lt;WKID&gt;102023&lt;/WKID&gt;&lt;LatestWKID&gt;102023&lt;/LatestWKID&gt;&lt;/ProjectedCoordinateSystem&gt;</peXml><projcsn Sync="TRUE">Africa_Equidistant_Conic</projcsn></coordRef><lineage><Process ToolSource="c:\program files\arcgis\pro\Resources\ArcToolbox\toolboxes\Data Management Tools.tbx\CopyFeatures" Date="20190301" Time="091958" Name="" export="">CopyFeatures "World Monthly Climate Means 1981 2010" C:\Users\heat8324\Documents\ArcGIS\Packages\Climate_2114D460-4AEF-46E4-B651-15CDAF95936D\p20\climate.gdb\WorldMonthlyClimateMeans1981_2010 # # # #</Process><Process ToolSource="c:\program files\arcgis\pro\Resources\ArcToolbox\toolboxes\Data Management Tools.tbx\UpdateSchema" Date="20190301" Time="092931" Name="" export="">UpdateSchema "CIMDATA=&lt;CIMStandardDataConnection xsi:type='typens:CIMStandardDataConnection' xmlns:xsi='http://www.w3.org/2001/XMLSchema-instance' xmlns:xs='http://www.w3.org/2001/XMLSchema' xmlns:typens='http://www.esri.com/schemas/ArcGIS/2.3.0'&gt;&lt;WorkspaceConnectionString&gt;DATABASE=C:\Users\heat8324\Documents\ArcGIS\Packages\Climate_2114D460-4AEF-46E4-B651-15CDAF95936D\p20\climate.gdb&lt;/WorkspaceConnectionString&gt;&lt;WorkspaceFactory&gt;FileGDB&lt;/WorkspaceFactory&gt;&lt;Dataset&gt;WorldMonthlyClimateMeans1981_2010&lt;/Dataset&gt;&lt;DatasetType&gt;esriDTFeatureClass&lt;/DatasetType&gt;&lt;/CIMStandardDataConnection&gt;" &lt;operationSequence&gt;&lt;workflow&gt;&lt;AddField&gt;&lt;field_name&gt;continent&lt;/field_name&gt;&lt;field_type&gt;TEXT&lt;/field_type&gt;&lt;field_length&gt;255&lt;/field_length&gt;&lt;field_alias&gt;continent&lt;/field_alias&gt;&lt;field_is_nullable&gt;True&lt;/field_is_nullable&gt;&lt;field_is_required&gt;False&lt;/field_is_required&gt;&lt;/AddField&gt;&lt;/workflow&gt;&lt;/operationSequence&gt;</Process><Process ToolSource="c:\program files\arcgis\pro\Resources\ArcToolbox\toolboxes\Data Management Tools.tbx\CalculateField" Date="20190301" Time="093333" Name="" export="">CalculateField WorldMonthlyClimateMeans1981_2010 continent 'Africa' Arcade #</Process><Process ToolSource="c:\program files\arcgis\pro\Resources\ArcToolbox\toolboxes\Data Management Tools.tbx\CalculateField" Date="20190301" Time="093410" Name="" export="">CalculateField WorldMonthlyClimateMeans1981_2010 continent 'Africa' Arcade #</Process><Process ToolSource="c:\program files\arcgis\pro\Resources\ArcToolbox\toolboxes\Data Management Tools.tbx\CalculateField" Date="20190301" Time="093630" Name="" export="">CalculateField WorldMonthlyClimateMeans1981_2010 continent 'South America' Arcade #</Process><Process ToolSource="c:\program files\arcgis\pro\Resources\ArcToolbox\toolboxes\Data Management Tools.tbx\CalculateField" Date="20190301" Time="093912" Name="" export="">CalculateField WorldMonthlyClimateMeans1981_2010 continent 'Europe' Arcade #</Process><Process ToolSource="c:\program files\arcgis\pro\Resources\ArcToolbox\toolboxes\Data Management Tools.tbx\CalculateField" Date="20190301" Time="094312" Name="" export="">CalculateField WorldMonthlyClimateMeans1981_2010 continent 'Europe' Arcade #</Process><Process ToolSource="c:\program files\arcgis\pro\Resources\ArcToolbox\toolboxes\Data Management Tools.tbx\CalculateField" Date="20190301" Time="094901" Name="" export="">CalculateField WorldMonthlyClimateMeans1981_2010 continent 'Australia' Arcade #</Process><Process ToolSource="c:\program files\arcgis\pro\Resources\ArcToolbox\toolboxes\Data Management Tools.tbx\CalculateField" Date="20190301" Time="095144" Name="" export="">CalculateField WorldMonthlyClimateMeans1981_2010 continent 'Asia' Arcade #</Process><Process ToolSource="c:\program files\arcgis\pro\Resources\ArcToolbox\toolboxes\Data Management Tools.tbx\CalculateField" Date="20190301" Time="095322" Name="" export="">CalculateField WorldMonthlyClimateMeans1981_2010 continent 'Middle East' Arcade #</Process><Process ToolSource="c:\program files\arcgis\pro\Resources\ArcToolbox\toolboxes\Data Management Tools.tbx\CalculateField" Date="20190301" Time="095628" Name="" export="">CalculateField WorldMonthlyClimateMeans1981_2010 continent 'Asia' Arcade #</Process><Process ToolSource="c:\program files\arcgis\pro\Resources\ArcToolbox\toolboxes\Data Management Tools.tbx\CalculateField" Date="20190301" Time="095719" Name="" export="">CalculateField WorldMonthlyClimateMeans1981_2010 continent 'Asia' Arcade #</Process><Process ToolSource="c:\program files\arcgis\pro\Resources\ArcToolbox\toolboxes\Data Management Tools.tbx\CalculateField" Date="20190301" Time="095823" Name="" export="">CalculateField WorldMonthlyClimateMeans1981_2010 continent 'North America' Arcade #</Process><Process ToolSource="c:\program files\arcgis\pro\Resources\ArcToolbox\toolboxes\Data Management Tools.tbx\CalculateField" Date="20190301" Time="095947" Name="" export="">CalculateField WorldMonthlyClimateMeans1981_2010 continent 'South America' Arcade #</Process><Process ToolSource="c:\program files\arcgis\pro\Resources\ArcToolbox\toolboxes\Data Management Tools.tbx\CalculateField" Date="20190301" Time="100145" Name="" export="">CalculateField WorldMonthlyClimateMeans1981_2010 continent 'South America' Arcade #</Process><Process ToolSource="c:\program files\arcgis\pro\Resources\ArcToolbox\toolboxes\Data Management Tools.tbx\CalculateField" Date="20190301" Time="100500" Name="" export="">CalculateField WorldMonthlyClimateMeans1981_2010 continent " " Arcade #</Process><Process ToolSource="c:\program files\arcgis\pro\Resources\ArcToolbox\toolboxes\Data Management Tools.tbx\CalculateField" Date="20190301" Time="100719" Name="" export="">CalculateField WorldMonthlyClimateMeans1981_2010 continent " " Arcade #</Process><Process ToolSource="c:\program files\arcgis\pro\Resources\ArcToolbox\toolboxes\Data Management Tools.tbx\CalculateField" Date="20190301" Time="100950" Name="" export="">CalculateField WorldMonthlyClimateMeans1981_2010 continent " " Arcade #</Process><Process ToolSource="c:\program files\arcgis\pro\Resources\ArcToolbox\toolboxes\Data Management Tools.tbx\CalculateField" Date="20190301" Time="101025" Name="" export="">CalculateField WorldMonthlyClimateMeans1981_2010 continent " " Arcade #</Process><Process ToolSource="c:\program files\arcgis\pro\Resources\ArcToolbox\toolboxes\Data Management Tools.tbx\CalculateField" Date="20190301" Time="102101" Name="" export="">CalculateField WorldMonthlyClimateMeans1981_2010 continent 'Australia' Arcade #</Process><Process ToolSource="c:\program files\arcgis\pro\Resources\ArcToolbox\toolboxes\Data Management Tools.tbx\CopyFeatures" Date="20190301" Time="105845" Name="" export="">CopyFeatures WorldMonthlyClimateMeans1981_2010 E:\Heather_Both\Lessons\GeoStatistics\Data\Climate\Climate\Climate.gdb\AfricaMiddleEast # # # #</Process><Process ToolSource="c:\program files\arcgis\pro\Resources\ArcToolbox\toolboxes\Data Management Tools.tbx\UpdateSchema" Date="20190301" Time="113641" Name="" export="">UpdateSchema "CIMDATA=&lt;CIMStandardDataConnection xsi:type='typens:CIMStandardDataConnection' xmlns:xsi='http://www.w3.org/2001/XMLSchema-instance' xmlns:xs='http://www.w3.org/2001/XMLSchema' xmlns:typens='http://www.esri.com/schemas/ArcGIS/2.3.0'&gt;&lt;WorkspaceConnectionString&gt;DATABASE=E:\Heather_Both\Lessons\GeoStatistics\Data\Climate\Climate\Climate.gdb&lt;/WorkspaceConnectionString&gt;&lt;WorkspaceFactory&gt;FileGDB&lt;/WorkspaceFactory&gt;&lt;Dataset&gt;AfricaMiddleEast&lt;/Dataset&gt;&lt;DatasetType&gt;esriDTFeatureClass&lt;/DatasetType&gt;&lt;/CIMStandardDataConnection&gt;" &lt;operationSequence&gt;&lt;workflow&gt;&lt;DeleteField&gt;&lt;field_name&gt;Jan_PRCP_mm&lt;/field_name&gt;&lt;field_name&gt;Feb_PRCP_mm&lt;/field_name&gt;&lt;field_name&gt;Mar_PRCP_mm&lt;/field_name&gt;&lt;field_name&gt;Apr_PRCP_mm&lt;/field_name&gt;&lt;field_name&gt;May_PRCP_mm&lt;/field_name&gt;&lt;field_name&gt;Jun_PRCP_mm&lt;/field_name&gt;&lt;field_name&gt;Jul_PRCP_mm&lt;/field_name&gt;&lt;field_name&gt;Aug_PRCP_mm&lt;/field_name&gt;&lt;field_name&gt;Sep_PRCP_mm&lt;/field_name&gt;&lt;field_name&gt;Oct_PRCP_mm&lt;/field_name&gt;&lt;field_name&gt;Nov_PRCP_mm&lt;/field_name&gt;&lt;field_name&gt;Dec_PRCP_mm&lt;/field_name&gt;&lt;field_name&gt;Jan_TAVG_F&lt;/field_name&gt;&lt;field_name&gt;Feb_TAVG_F&lt;/field_name&gt;&lt;field_name&gt;Mar_TAVG_F&lt;/field_name&gt;&lt;field_name&gt;Apr_TAVG_F&lt;/field_name&gt;&lt;field_name&gt;May_TAVG_F&lt;/field_name&gt;&lt;field_name&gt;Jun_TAVG_F&lt;/field_name&gt;&lt;field_name&gt;Jul_TAVG_F&lt;/field_name&gt;&lt;field_name&gt;Aug_TAVG_F&lt;/field_name&gt;&lt;field_name&gt;Sep_TAVG_F&lt;/field_name&gt;&lt;field_name&gt;Oct_TAVG_F&lt;/field_name&gt;&lt;field_name&gt;Nov_TAVG_F&lt;/field_name&gt;&lt;field_name&gt;Dec_TAVG_F&lt;/field_name&gt;&lt;field_name&gt;Jan_TMAX_F&lt;/field_name&gt;&lt;field_name&gt;Feb_TMAX_F&lt;/field_name&gt;&lt;field_name&gt;Mar_TMAX_F&lt;/field_name&gt;&lt;field_name&gt;Apr_TMAX_F&lt;/field_name&gt;&lt;field_name&gt;May_TMAX_F&lt;/field_name&gt;&lt;field_name&gt;Jun_TMAX_F&lt;/field_name&gt;&lt;field_name&gt;Jul_TMAX_F&lt;/field_name&gt;&lt;field_name&gt;Aug_TMAX_F&lt;/field_name&gt;&lt;field_name&gt;Sep_TMAX_F&lt;/field_name&gt;&lt;field_name&gt;Oct_TMAX_F&lt;/field_name&gt;&lt;field_name&gt;Nov_TMAX_F&lt;/field_name&gt;&lt;field_name&gt;Dec_TMAX_F&lt;/field_name&gt;&lt;field_name&gt;Jan_TMIN_F&lt;/field_name&gt;&lt;field_name&gt;Feb_TMIN_F&lt;/field_name&gt;&lt;field_name&gt;Mar_TMIN_F&lt;/field_name&gt;&lt;field_name&gt;Apr_TMIN_F&lt;/field_name&gt;&lt;field_name&gt;May_TMIN_F&lt;/field_name&gt;&lt;field_name&gt;Jun_TMIN_F&lt;/field_name&gt;&lt;field_name&gt;Jul_TMIN_F&lt;/field_name&gt;&lt;field_name&gt;Aug_TMIN_F&lt;/field_name&gt;&lt;field_name&gt;Sep_TMIN_F&lt;/field_name&gt;&lt;field_name&gt;Oct_TMIN_F&lt;/field_name&gt;&lt;field_name&gt;Nov_TMIN_F&lt;/field_name&gt;&lt;field_name&gt;Dec_TMIN_F&lt;/field_name&gt;&lt;field_name&gt;Jan_PRCP_in&lt;/field_name&gt;&lt;field_name&gt;Feb_PRCP_in&lt;/field_name&gt;&lt;field_name&gt;Mar_PRCP_in&lt;/field_name&gt;&lt;field_name&gt;Apr_PRCP_in&lt;/field_name&gt;&lt;field_name&gt;May_PRCP_in&lt;/field_name&gt;&lt;field_name&gt;Jun_PRCP_in&lt;/field_name&gt;&lt;field_name&gt;Jul_PRCP_in&lt;/field_name&gt;&lt;field_name&gt;Aug_PRCP_in&lt;/field_name&gt;&lt;field_name&gt;Sep_PRCP_in&lt;/field_name&gt;&lt;field_name&gt;Oct_PRCP_in&lt;/field_name&gt;&lt;field_name&gt;Nov_PRCP_in&lt;/field_name&gt;&lt;field_name&gt;Dec_PRCP_in&lt;/field_name&gt;&lt;field_name&gt;Jan_HighT_F&lt;/field_name&gt;&lt;field_name&gt;Feb_HighT_F&lt;/field_name&gt;&lt;field_name&gt;Mar_HighT_F&lt;/field_name&gt;&lt;field_name&gt;Apr_HighT_F&lt;/field_name&gt;&lt;field_name&gt;May_HighT_F&lt;/field_name&gt;&lt;field_name&gt;Jun_HighT_F&lt;/field_name&gt;&lt;field_name&gt;Jul_HighT_F&lt;/field_name&gt;&lt;field_name&gt;Aug_HighT_F&lt;/field_name&gt;&lt;field_name&gt;Sep_HighT_F&lt;/field_name&gt;&lt;field_name&gt;Oct_HighT_F&lt;/field_name&gt;&lt;field_name&gt;Nov_HighT_F&lt;/field_name&gt;&lt;field_name&gt;Dec_HighT_F&lt;/field_name&gt;&lt;field_name&gt;Jan_LowT_F&lt;/field_name&gt;&lt;field_name&gt;Feb_LowT_F&lt;/field_name&gt;&lt;field_name&gt;Mar_LowT_F&lt;/field_name&gt;&lt;field_name&gt;Apr_LowT_F&lt;/field_name&gt;&lt;field_name&gt;May_LowT_F&lt;/field_name&gt;&lt;field_name&gt;Jun_LowT_F&lt;/field_name&gt;&lt;field_name&gt;Jul_LowT_F&lt;/field_name&gt;&lt;field_name&gt;Aug_LowT_F&lt;/field_name&gt;&lt;field_name&gt;Sep_LowT_F&lt;/field_name&gt;&lt;field_name&gt;Oct_LowT_F&lt;/field_name&gt;&lt;field_name&gt;Nov_LowT_F&lt;/field_name&gt;&lt;field_name&gt;Dec_LowT_F&lt;/field_name&gt;&lt;/DeleteField&gt;&lt;/workflow&gt;&lt;/operationSequence&gt;</Process><Process ToolSource="c:\program files\arcgis\pro\Resources\ArcToolbox\toolboxes\Data Management Tools.tbx\UpdateSchema" Date="20190301" Time="113912" Name="" export="">UpdateSchema "CIMDATA=&lt;CIMStandardDataConnection xsi:type='typens:CIMStandardDataConnection' xmlns:xsi='http://www.w3.org/2001/XMLSchema-instance' xmlns:xs='http://www.w3.org/2001/XMLSchema' xmlns:typens='http://www.esri.com/schemas/ArcGIS/2.3.0'&gt;&lt;WorkspaceConnectionString&gt;DATABASE=E:\Heather_Both\Lessons\GeoStatistics\Data\Climate\Climate\Climate.gdb&lt;/WorkspaceConnectionString&gt;&lt;WorkspaceFactory&gt;FileGDB&lt;/WorkspaceFactory&gt;&lt;Dataset&gt;AfricaMiddleEast&lt;/Dataset&gt;&lt;DatasetType&gt;esriDTFeatureClass&lt;/DatasetType&gt;&lt;/CIMStandardDataConnection&gt;" &lt;operationSequence&gt;&lt;workflow&gt;&lt;DeleteField&gt;&lt;field_name&gt;Jan_TMAX_C&lt;/field_name&gt;&lt;field_name&gt;Feb_TMAX_C&lt;/field_name&gt;&lt;field_name&gt;Mar_TMAX_C&lt;/field_name&gt;&lt;field_name&gt;Apr_TMAX_C&lt;/field_name&gt;&lt;field_name&gt;May_TMAX_C&lt;/field_name&gt;&lt;field_name&gt;Jun_TMAX_C&lt;/field_name&gt;&lt;field_name&gt;Jul_TMAX_C&lt;/field_name&gt;&lt;field_name&gt;Aug_TMAX_C&lt;/field_name&gt;&lt;field_name&gt;Sep_TMAX_C&lt;/field_name&gt;&lt;field_name&gt;Oct_TMAX_C&lt;/field_name&gt;&lt;field_name&gt;Nov_TMAX_C&lt;/field_name&gt;&lt;field_name&gt;Dec_TMAX_C&lt;/field_name&gt;&lt;field_name&gt;Jan_TMIN_C&lt;/field_name&gt;&lt;field_name&gt;Feb_TMIN_C&lt;/field_name&gt;&lt;field_name&gt;Mar_TMIN_C&lt;/field_name&gt;&lt;field_name&gt;Apr_TMIN_C&lt;/field_name&gt;&lt;field_name&gt;May_TMIN_C&lt;/field_name&gt;&lt;field_name&gt;Jun_TMIN_C&lt;/field_name&gt;&lt;field_name&gt;Jul_TMIN_C&lt;/field_name&gt;&lt;field_name&gt;Aug_TMIN_C&lt;/field_name&gt;&lt;field_name&gt;Sep_TMIN_C&lt;/field_name&gt;&lt;field_name&gt;Oct_TMIN_C&lt;/field_name&gt;&lt;field_name&gt;Nov_TMIN_C&lt;/field_name&gt;&lt;field_name&gt;Dec_TMIN_C&lt;/field_name&gt;&lt;field_name&gt;Jan_HighT_C&lt;/field_name&gt;&lt;field_name&gt;Feb_HighT_C&lt;/field_name&gt;&lt;field_name&gt;Mar_HighT_C&lt;/field_name&gt;&lt;field_name&gt;Apr_HighT_C&lt;/field_name&gt;&lt;field_name&gt;May_HighT_C&lt;/field_name&gt;&lt;field_name&gt;Jun_HighT_C&lt;/field_name&gt;&lt;field_name&gt;Jul_HighT_C&lt;/field_name&gt;&lt;field_name&gt;Aug_HighT_C&lt;/field_name&gt;&lt;field_name&gt;Sep_HighT_C&lt;/field_name&gt;&lt;field_name&gt;Oct_HighT_C&lt;/field_name&gt;&lt;field_name&gt;Nov_HighT_C&lt;/field_name&gt;&lt;field_name&gt;Dec_HighT_C&lt;/field_name&gt;&lt;field_name&gt;Jan_LowT_C&lt;/field_name&gt;&lt;field_name&gt;Feb_LowT_C&lt;/field_name&gt;&lt;field_name&gt;Mar_LowT_C&lt;/field_name&gt;&lt;field_name&gt;Apr_LowT_C&lt;/field_name&gt;&lt;field_name&gt;May_LowT_C&lt;/field_name&gt;&lt;field_name&gt;Jun_LowT_C&lt;/field_name&gt;&lt;field_name&gt;Jul_LowT_C&lt;/field_name&gt;&lt;field_name&gt;Aug_LowT_C&lt;/field_name&gt;&lt;field_name&gt;Sep_LowT_C&lt;/field_name&gt;&lt;field_name&gt;Oct_LowT_C&lt;/field_name&gt;&lt;field_name&gt;Nov_LowT_C&lt;/field_name&gt;&lt;field_name&gt;Dec_LowT_C&lt;/field_name&gt;&lt;field_name&gt;continent&lt;/field_name&gt;&lt;/DeleteField&gt;&lt;/workflow&gt;&lt;/operationSequence&gt;</Process><Process ToolSource="c:\program files\arcgis\pro\Resources\ArcToolbox\toolboxes\Data Management Tools.tbx\UpdateSchema" Date="20190301" Time="113953" Name="" export="">UpdateSchema "CIMDATA=&lt;CIMStandardDataConnection xsi:type='typens:CIMStandardDataConnection' xmlns:xsi='http://www.w3.org/2001/XMLSchema-instance' xmlns:xs='http://www.w3.org/2001/XMLSchema' xmlns:typens='http://www.esri.com/schemas/ArcGIS/2.3.0'&gt;&lt;WorkspaceConnectionString&gt;DATABASE=E:\Heather_Both\Lessons\GeoStatistics\Data\Climate\Climate\Climate.gdb&lt;/WorkspaceConnectionString&gt;&lt;WorkspaceFactory&gt;FileGDB&lt;/WorkspaceFactory&gt;&lt;Dataset&gt;AfricaMiddleEast&lt;/Dataset&gt;&lt;DatasetType&gt;esriDTFeatureClass&lt;/DatasetType&gt;&lt;/CIMStandardDataConnection&gt;" &lt;operationSequence&gt;&lt;workflow&gt;&lt;DeleteField&gt;&lt;field_name&gt;GHCND_ID&lt;/field_name&gt;&lt;field_name&gt;Lon&lt;/field_name&gt;&lt;field_name&gt;Lat&lt;/field_name&gt;&lt;field_name&gt;Elev_m&lt;/field_name&gt;&lt;/DeleteField&gt;&lt;/workflow&gt;&lt;/operationSequence&gt;</Process><Process ToolSource="c:\program files\arcgis\pro\Resources\ArcToolbox\toolboxes\Data Management Tools.tbx\CopyFeatures" Date="20200411" Time="013442">CopyFeatures Temperature C:\Geostatistics\R_DATA\Temperature.shp # # # #</Process></lineage></DataProperties><SyncDate>20200411</SyncDate><SyncTime>01344200</SyncTime><ModDate>20200411</ModDate><ModTime>01344200</ModTime><scaleRange><minScale>150000000</minScale><maxScale>5000</maxScale></scaleRange></Esri><dataIdInfo><envirDesc Sync="TRUE">Microsoft Windows 10 Version 10.0 (Build 18362) ; Esri ArcGIS 12.5.0.22081</envirDesc><dataLang><languageCode value="por" Sync="TRUE"/><countryCode value="BRA" Sync="TRUE"/></dataLang><idCitation><resTitle Sync="FALSE">Average monthly temperatures for Africa and the Middle East</resTitle><presForm><PresFormCd value="005" Sync="TRUE"/></presForm></idCitation><spatRpType><SpatRepTypCd value="001" Sync="TRUE"/></spatRpType><dataExt><geoEle xmlns=""><GeoBndBox esriExtentType="search"><exTypeCode Sync="TRUE">1</exTypeCode><westBL Sync="TRUE">-26.240747</westBL><eastBL Sync="TRUE">63.693919</eastBL><northBL Sync="TRUE">43.718889</northBL><southBL Sync="TRUE">-34.838095</southBL></GeoBndBox></geoEle></dataExt><idPurp>This is a subset of a global climate dataset  from NOAA.</idPurp><idAbs>&lt;DIV STYLE="text-align:Left;"&gt;&lt;DIV&gt;&lt;DIV&gt;&lt;P&gt;&lt;SPAN&gt;Historical Monthly Average Temperature and Precipitation from Global Historical Climate Network Daily (GHCND) from 1981 through 2010.&lt;/SPAN&gt;&lt;/P&gt;&lt;P&gt;&lt;SPAN&gt;This subset only covers Africa and the Middle East. It only contains attributes for average temperatures for each month in degrees Celsius.&lt;/SPAN&gt;&lt;/P&gt;&lt;P&gt;&lt;SPAN&gt;This data has also been reprojected to Africa Equidistant Conic.&lt;/SPAN&gt;&lt;/P&gt;&lt;/DIV&gt;&lt;/DIV&gt;&lt;/DIV&gt;</idAbs><idCredit>Living Atlas:
https://www.arcgis.com/home/item.html?id=f86cfdb9cd8e4d78839b43255ae43cc9
NOAA:
Station locations compiled from: ftp://ftp.ncdc.noaa.gov/pub/data/ghcn/daily/ghcnd-stations.txt
Station Monthly Means compiled from Daily Data: ftp://ftp.ncdc.noaa.gov/pub/data/ghcn/daily/ghcnd_all.tar.gz</idCredit><searchKeys><keyword>temperature</keyword><keyword>Living Atlas</keyword><keyword>Africa</keyword><keyword>Middle East</keyword><keyword>weather</keyword><keyword>NOAA</keyword></searchKeys></dataIdInfo><mdLang><languageCode value="por" Sync="TRUE"/><countryCode value="BRA" Sync="TRUE"/></mdLang><mdChar><CharSetCd value="004" Sync="TRUE"/></mdChar><distInfo><distFormat><formatName Sync="TRUE">Shapefile</formatName></distFormat><distTranOps><transSize Sync="TRUE">0.000</transSize></distTranOps></distInfo><mdHrLv><ScopeCd value="005" Sync="TRUE"/></mdHrLv><mdHrLvName Sync="TRUE">dataset</mdHrLvName><refSysInfo><RefSystem><refSysID><identCode code="102023" Sync="TRUE"/><idCodeSpace Sync="TRUE">Esri</idCodeSpace><idVersion Sync="TRUE">8.0.1</idVersion></refSysID></RefSystem></refSysInfo><spatRepInfo><VectSpatRep><geometObjs Name="Temperature"><geoObjTyp><GeoObjTypCd value="004" Sync="TRUE"></GeoObjTypCd></geoObjTyp><geoObjCnt Sync="TRUE">0</geoObjCnt></geometObjs><topLvl><TopoLevCd value="001" Sync="TRUE"></TopoLevCd></topLvl></VectSpatRep></spatRepInfo><spdoinfo><ptvctinf><esriterm Name="Temperature"><efeatyp Sync="TRUE">Simple</efeatyp><efeageom code="1" Sync="TRUE"></efeageom><esritopo Sync="TRUE">FALSE</esritopo><efeacnt Sync="TRUE">0</efeacnt><spindex Sync="TRUE">FALSE</spindex><linrefer Sync="TRUE">FALSE</linrefer></esriterm></ptvctinf></spdoinfo><eainfo><detailed Name="Temperature"><enttyp><enttypl Sync="TRUE">Temperature</enttypl><enttypt Sync="TRUE">Feature Class</enttypt><enttypc Sync="TRUE">0</enttypc></enttyp><attr><attrlabl Sync="TRUE">FID</attrlabl><attalias Sync="TRUE">FID</attalias><attrtype Sync="TRUE">OID</attrtype><attwidth Sync="TRUE">4</attwidth><atprecis Sync="TRUE">0</atprecis><attscale Sync="TRUE">0</attscale><attrdef Sync="TRUE">Internal feature number.</attrdef><attrdefs Sync="TRUE">Esri</attrdefs><attrdomv><udom Sync="TRUE">Sequential unique whole numbers that are automatically generated.</udom></attrdomv></attr><attr><attrlabl Sync="TRUE">Shape</attrlabl><attalias Sync="TRUE">Shape</attalias><attrtype Sync="TRUE">Geometry</attrtype><attwidth Sync="TRUE">0</attwidth><atprecis Sync="TRUE">0</atprecis><attscale Sync="TRUE">0</attscale><attrdef Sync="TRUE">Feature geometry.</attrdef><attrdefs Sync="TRUE">Esri</attrdefs><attrdomv><udom Sync="TRUE">Coordinates defining the features.</udom></attrdomv></attr><attr><attrlabl Sync="TRUE">Name</attrlabl><attalias Sync="TRUE">Name</attalias><attrtype Sync="TRUE">String</attrtype><attwidth Sync="TRUE">128</attwidth><atprecis Sync="TRUE">0</atprecis><attscale Sync="TRUE">0</attscale></attr><attr><attrlabl Sync="TRUE">Jan_TAVG_C</attrlabl><attalias Sync="TRUE">Jan_TAVG_C</attalias><attrtype Sync="TRUE">Double</attrtype><attwidth Sync="TRUE">19</attwidth><atprecis Sync="TRUE">0</atprecis><attscale Sync="TRUE">0</attscale></attr><attr><attrlabl Sync="TRUE">Feb_TAVG_C</attrlabl><attalias Sync="TRUE">Feb_TAVG_C</attalias><attrtype Sync="TRUE">Double</attrtype><attwidth Sync="TRUE">19</attwidth><atprecis Sync="TRUE">0</atprecis><attscale Sync="TRUE">0</attscale></attr><attr><attrlabl Sync="TRUE">Mar_TAVG_C</attrlabl><attalias Sync="TRUE">Mar_TAVG_C</attalias><attrtype Sync="TRUE">Double</attrtype><attwidth Sync="TRUE">19</attwidth><atprecis Sync="TRUE">0</atprecis><attscale Sync="TRUE">0</attscale></attr><attr><attrlabl Sync="TRUE">Apr_TAVG_C</attrlabl><attalias Sync="TRUE">Apr_TAVG_C</attalias><attrtype Sync="TRUE">Double</attrtype><attwidth Sync="TRUE">19</attwidth><atprecis Sync="TRUE">0</atprecis><attscale Sync="TRUE">0</attscale></attr><attr><attrlabl Sync="TRUE">May_TAVG_C</attrlabl><attalias Sync="TRUE">May_TAVG_C</attalias><attrtype Sync="TRUE">Double</attrtype><attwidth Sync="TRUE">19</attwidth><atprecis Sync="TRUE">0</atprecis><attscale Sync="TRUE">0</attscale></attr><attr><attrlabl Sync="TRUE">Jun_TAVG_C</attrlabl><attalias Sync="TRUE">Jun_TAVG_C</attalias><attrtype Sync="TRUE">Double</attrtype><attwidth Sync="TRUE">19</attwidth><atprecis Sync="TRUE">0</atprecis><attscale Sync="TRUE">0</attscale></attr><attr><attrlabl Sync="TRUE">Jul_TAVG_C</attrlabl><attalias Sync="TRUE">Jul_TAVG_C</attalias><attrtype Sync="TRUE">Double</attrtype><attwidth Sync="TRUE">19</attwidth><atprecis Sync="TRUE">0</atprecis><attscale Sync="TRUE">0</attscale></attr><attr><attrlabl Sync="TRUE">Aug_TAVG_C</attrlabl><attalias Sync="TRUE">Aug_TAVG_C</attalias><attrtype Sync="TRUE">Double</attrtype><attwidth Sync="TRUE">19</attwidth><atprecis Sync="TRUE">0</atprecis><attscale Sync="TRUE">0</attscale></attr><attr><attrlabl Sync="TRUE">Sep_TAVG_C</attrlabl><attalias Sync="TRUE">Sep_TAVG_C</attalias><attrtype Sync="TRUE">Double</attrtype><attwidth Sync="TRUE">19</attwidth><atprecis Sync="TRUE">0</atprecis><attscale Sync="TRUE">0</attscale></attr><attr><attrlabl Sync="TRUE">Oct_TAVG_C</attrlabl><attalias Sync="TRUE">Oct_TAVG_C</attalias><attrtype Sync="TRUE">Double</attrtype><attwidth Sync="TRUE">19</attwidth><atprecis Sync="TRUE">0</atprecis><attscale Sync="TRUE">0</attscale></attr><attr><attrlabl Sync="TRUE">Nov_TAVG_C</attrlabl><attalias Sync="TRUE">Nov_TAVG_C</attalias><attrtype Sync="TRUE">Double</attrtype><attwidth Sync="TRUE">19</attwidth><atprecis Sync="TRUE">0</atprecis><attscale Sync="TRUE">0</attscale></attr><attr><attrlabl Sync="TRUE">Dec_TAVG_C</attrlabl><attalias Sync="TRUE">Dec_TAVG_C</attalias><attrtype Sync="TRUE">Double</attrtype><attwidth Sync="TRUE">19</attwidth><atprecis Sync="TRUE">0</atprecis><attscale Sync="TRUE">0</attscale></attr></detailed></eainfo><mdDateSt Sync="TRUE">20200411</mdDateSt></metadata>
